"Headline","Genre"
"Scientists Discover New Species of Fish in Pacific Ocean","Science"
"Local Bakery Wins National Award for Best Croissant","Food"
"New Action Movie Breaks Box Office Records","Entertainment"
"City Council Approves New Park Renovation Plan","Local News"
"Tech Startup Secures $10M in Funding","Technology"
"Ancient Artifact Unearthed in Egypt","History"
"Fashion Week Showcases Sustainable Designs","Fashion"
"Star Quarterback Signs Record-Breaking Contract","Sports"
"New Study Links Coffee to Improved Focus","Health"
"Indie Band’s New Album Tops Charts","Music"
"AI Breakthrough Enhances Medical Diagnostics","Science"
"Restaurant Chain Launches Vegan Menu Nationwide","Food"
"Blockbuster Sequel Announced for 2026","Entertainment"
"Mayor Proposes Tax Cut for Small Businesses","Local News"
"Quantum Computing Advances Promise Faster Processing","Technology"
"Lost Roman City Discovered in Spain","History"
"Designer Unveils Bold New Sneaker Line","Fashion"
"Underdog Team Wins National Championship","Sports"
"Meditation App Gains Millions of Users","Health"
"Pop Star’s World Tour Sells Out in Hours","Music"
"New Telescope Captures Stunning Galaxy Images","Science"
"Food Truck Festival Draws Record Crowds","Food"
"Streaming Service Greenlights New Sci-Fi Series","Entertainment"
"Community Rallies to Save Historic Theater","Local News"
"Self-Driving Car Prototype Hits the Streets","Technology"
"Medieval Manuscript Found in Monastery","History"
"Runway Show Highlights Up-and-Coming Designers","Fashion"
"Tennis Prodigy Wins First Grand Slam","Sports"
"Study Shows Benefits of Plant-Based Diets","Health"
"Rock Legend Announces Farewell Tour","Music"
"Researchers Develop Eco-Friendly Battery","Science"
"New Dessert Cafe Opens Downtown","Food"
"Animated Film Earns Oscar Buzz","Entertainment"
"City Installs Solar Panels on Public Buildings","Local News"
"Startup Unveils Affordable VR Headset","Technology"
"Archaeologists Uncover Viking Burial Site","History"
"Luxury Brand Launches Eco-Conscious Collection","Fashion"
"Soccer Club Signs Rising Star from Brazil","Sports"
"New Drug Shows Promise in Cancer Trials","Health"
"Rapper’s Surprise Album Drop Breaks Internet","Music"
"Lab-Grown Meat Hits Supermarket Shelves","Science"
"Pop-Up Restaurant Showcases Global Cuisine","Food"
"New Comedy Series Gets Rave Reviews","Entertainment"
"Neighborhood Watch Program Reduces Crime Rates","Local News"
"App Developer Raises $5M for Mental Health Tool","Technology"
"Cryptocurrency Fraud Scheme Uncovered by Authorities","Finance"
"Forgotten 19th-Century Diary Found in Attic","History"
"Top Designer Collaborates with Streetwear Brand","Fashion"
"Marathon Runner Breaks World Record","Sports"
"Study Links Sleep to Improved Memory","Health"
"Jazz Festival Celebrates 50th Anniversary","Music"
"New Algorithm Enhances Weather Predictions","Science"
"Local Chef Competes on National Cooking Show","Food"
"Documentary Exposes Corporate Corruption","Entertainment"
"City Approves Affordable Housing Project","Local News"
"Tech Giant Acquires AI Startup for $1B","Technology"
"Gold Rush-Era Shipwreck Found Off Coast","History"
"Minimalist Fashion Trend Takes Over Runways","Fashion"
"Golf Pro Wins Major Tournament in Stunning Upset","Sports"
"New Therapy Helps Reduce Chronic Pain","Health"
"Country Star’s New Single Goes Viral","Music"
"Scientists Create Self-Healing Material","Science"
"Food Delivery Service Expands to Rural Areas","Food"
"New Reality Show Features Extreme Survival","Entertainment"
"Volunteers Clean Up Local Riverbank","Local News"
"Blockchain Platform Gains Traction in Finance","Technology"
"Ancient Greek Statue Restored to Former Glory","History"
"Retro Fashion Makes a Comeback This Season","Fashion"
"Baseball Team Clinches Playoff Spot","Sports"
"Breakthrough in Alzheimer’s Research Announced","Health"
"Indie Artist’s Song Featured in Hit Movie","Music"
"New Solar Panel Design Boosts Efficiency","Science"
"Pop-Up Market Showcases Local Artisans","Food"
"Superhero Film Sets New Streaming Record","Entertainment"
"City Launches Free Wi-Fi in Public Spaces","Local News"
"Startup Develops App for Remote Work Collaboration","Technology"
"Lost Picasso Painting Found in Storage","History"
"Met Gala Theme Sparks Creative Outfits","Fashion"
"Swimmer Sets New Olympic Record","Sports"
"Yoga Shown to Reduce Stress in New Study","Health"
"Electronic Music Festival Draws Global Crowd","Music"
"Researchers Engineer Drought-Resistant Crops","Science"
"New Ice Cream Shop Becomes Local Favorite","Food"
"Crime Drama Series Renewed for Second Season","Entertainment"
"Community Garden Expands to New Lot","Local News"
"AI-Powered Chatbot Improves Customer Service","Technology"
"Centuries-Old Shipwreck Yields Treasure","History"
"Denim Trends Dominate Fall Fashion","Fashion"
"Basketball Star Launches Youth Mentorship Program","Sports"
"New Supplement Boosts Immune System","Health"
"Hip-Hop Album Debuts at Number One","Music"
"Breakthrough in Fusion Energy Research","Science"
"Food Bloggers Share Viral Holiday Recipes","Food"
"New Thriller Novel Adapted for TV","Entertainment"
"City Hosts Annual Charity Run","Local News"
"Tech Firm Patents Foldable Smartphone Screen","Technology"
"Excavation Reveals Ancient Trade Route","History"
"High-End Brand Partners with Local Artists","Fashion"
"Track Star Qualifies for World Championships","Sports"
"Study Finds Meditation Lowers Blood Pressure","Health"
"Classical Orchestra Tours Sold-Out Venues","Music"
"New Material Absorbs Carbon Emissions","Science"
"Street Food Market Opens in City Center","Food"
"Rom-Com Film Tops Box Office Charts","Entertainment"
"New Bike Lane Connects Downtown Areas","Local News"
"Wearable Tech Monitors Fitness Goals","Technology"
"Archaeological Dig Uncovers Bronze Age Tools","History"
"Colorful Prints Define Spring Fashion","Fashion"
"Boxer Wins Title in Stunning Knockout","Sports"
"New Diet Plan Gains Celebrity Endorsements","Health"
"Pop Band Reunites for Anniversary Tour","Music"
"Scientists Map Uncharted Coral Reef","Science"
"Local Farm Launches Organic Delivery Service","Food"
"New Game Show Tests Survival Skills","Entertainment"
"City Unveils Public Art Installation","Local News"
"Startup Creates App for Event Planning","Technology"
"Ancient Temple Found in Jungle","History"
"Knitwear Trends Warm Up Winter Fashion","Fashion"
"Ice Hockey Team Advances to Finals","Sports"
"New App Tracks Sleep Patterns","Health"
"Folk Singer’s Album Earns Grammy Nod","Music"
"Lab Develops Biodegradable Packaging","Science"
"New Sushi Restaurant Earns Michelin Star","Food"
"Sci-Fi Novel Inspires New TV Series","Entertainment"
"Community Center Offers Free Coding Classes","Local News"
"Tech Firm Unveils Holographic Display","Technology"
"Excavation Uncovers Prehistoric Fossils","History"
"Statement Jewelry Defines Red Carpet Looks","Fashion"
"Rugby Team Wins International Tournament","Sports"
"Study Links Exercise to Mental Clarity","Health"
"Rock Band’s New Video Goes Viral","Music"
"New Sensor Detects Water Contaminants","Science"
"Food Co-Op Supports Local Farmers","Food"
"New Sitcom Draws Huge Ratings","Entertainment"
"City Expands Public Transit Routes","Local News"
"AI Tool Streamlines Project Management","Technology"
"Lost Manuscript by Famous Author Found","History"
"Bohemian Style Dominates Festival Fashion","Fashion"
"Cricket Team Secures Historic Victory","Sports"
"New Vaccine Shows Promise in Trials","Health"
"Indie Album Recorded in Home Studio","Music"
"Scientists Develop Lightweight Alloy","Science"
"New Cafe Specializes in Artisanal Coffee","Food"
"True Crime Podcast Inspires TV Drama","Entertainment"
"Neighborhood Hosts Annual Block Party","Local News"
"Startup Launches Eco-Friendly Phone Case","Technology"
"Archaeologists Find Ancient Marketplace","History"
"Velvet Fabrics Trend in Eveningwear","Fashion"
"Volleyball Team Wins Regional Title","Sports"
"Study Shows Benefits of Daily Stretching","Health"
"Choir’s Holiday Concert Sells Out","Music"
"New Drone Improves Crop Monitoring","Science"
"Pop-Up Bakery Sells Out in Hours","Food"
"New Animated Series Targets Adult Audience","Entertainment"
"City Plants Trees to Combat Heat","Local News"
"Tech Firm Develops Secure Cloud Storage","Technology"
"Excavation Reveals Early Human Settlement","History"
"Leather Jackets Define Fall Fashion","Fashion"
"Skier Wins Gold in World Cup","Sports"
"New Therapy Aids Addiction Recovery","Health"
"Reggae Band’s New Single Tops Charts","Music"
"Researchers Create Fire-Resistant Fabric","Science"
"New Food Hall Features Global Cuisines","Food"
"Spy Thriller Film Announces Sequel","Entertainment"
"Community Raises Funds for New Library","Local News"
"Startup Invents Smart Home Device","Technology"
"Ancient Pottery Found in Cave","History"
"Graphic Tees Make Bold Fashion Statement","Fashion"
"Wrestler Wins National Championship","Sports"
"Study Links Music to Mood Improvement","Health"
"Pop Duo’s New Album Breaks Records","Music"
"New Microchip Doubles Processing Speed","Science"
"Local Brewery Releases Seasonal Ale","Food"
"New Fantasy Series Gains Cult Following","Entertainment"
"City Hosts Free Health Screenings","Local News"
"AI Platform Predicts Stock Trends","Technology"
"Lost City Found in Desert","History"
"Neon Colors Brighten Summer Fashion","Fashion"
"Rowing Team Qualifies for Olympics","Sports"
"New App Promotes Mindfulness","Health"
"Orchestra Performs Modern Symphony","Music"
"Scientists Engineer Heat-Resistant Coral","Science"
"New Pizzeria Uses Wood-Fired Oven","Food"
"Crime Series Finale Shocks Fans","Entertainment"
"Neighborhood Adopts New Recycling Program","Local News"
"Tech Startup Creates Virtual Assistant","Technology"
"Archaeological Site Reveals Trade Network","History"
"Plaid Patterns Trend in Menswear","Fashion"
"Diver Sets New Depth Record","Sports"
"Study Finds Benefits of Green Tea","Health"
"Indie Rock Band Signs Major Deal","Music"
"New Polymer Enhances 3D Printing","Science"
"Food Festival Highlights BBQ Trends","Food"
"New Horror Film Scares Up Box Office","Entertainment"
"City Approves New Skate Park","Local News"
"Startup Develops Language-Learning App","Technology"
"Excavation Uncovers Ancient Weapons","History"
"Silk Fabrics Elevate Evening Fashion","Fashion"
"Surfer Wins World Championship","Sports"
"New Study Promotes Balanced Diets","Health"
"Blues Artist Releases Acoustic Album","Music"
"Researchers Develop Smart Glass","Science"
"New Bistro Offers Farm-to-Table Menu","Food"
"Adventure Film Sets Location in Jungle","Entertainment"
"Community Hosts Charity Golf Tournament","Local News"
"Tech Firm Patents Wearable Sensor","Technology"
"Lost Tomb Found in Valley","History"
"Floral Prints Bloom in Spring Fashion","Fashion"
"Climber Summits Unscaled Peak","Sports"
"New Therapy Reduces Anxiety Symptoms","Health"
"Pop Star’s New Video Sparks Debate","Music"
"New Battery Extends Electric Car Range","Science"
"Local Market Sells Artisanal Cheeses","Food"
"New Drama Series Explores Family Secrets","Entertainment"
"City Expands Electric Vehicle Charging","Local News"
"AI Tool Enhances Video Editing","Technology"
"Archaeologists Find Ancient Mosaic","History"
"Metallic Fabrics Shine in Partywear","Fashion"
"Gymnast Wins All-Around Title","Sports"
"Study Links Hydration to Productivity","Health"
"Folk Band’s New Album Celebrates Roots","Music"
"Scientists Create Synthetic Muscle Fiber","Science"
"New Deli Specializes in Gourmet Sandwiches","Food"
"Superhero Series Announces Spin-Off","Entertainment"
"Neighborhood Installs Solar Streetlights","Local News"
"Startup Launches Fitness Tracking App","Technology"
"Excavation Reveals Ancient Aqueduct","History"
"Denim Skirts Trend in Casual Fashion","Fashion"
"Fencer Wins Gold in International Match","Sports"
"New Supplement Supports Joint Health","Health"
"Rock Band’s Reunion Tour Sells Out","Music"
"New Sensor Improves Air Quality Monitoring","Science"
"Food Truck Offers Fusion Tacos","Food"
"New Comedy Film Packs Theaters","Entertainment"
"City Hosts Annual Book Fair","Local News"
"Tech Firm Develops Gesture-Control Device","Technology"
"Lost Temple Uncovered in Forest","History"
"Shearling Coats Warm Up Winter Style","Fashion"
"Kayaker Navigates Record-Breaking Rapids","Sports"
"Study Shows Benefits of Omega-3s","Health"
"Indie Artist’s New Single Goes Viral","Music"
"Researchers Create Flexible Solar Cells","Science"
"New Cafe Roasts Its Own Beans","Food"
"Crime Novel Adapted for Big Screen","Entertainment"
"Community Restores Historic Fountain","Local News"
"Startup Invents Smart Thermostat","Technology"
"Ancient Coins Found in Shipwreck","History"
"Lace Details Elevate Bridal Fashion","Fashion"
"Skater Lands New Trick in Competition","Sports"
"New App Tracks Calorie Intake","Health"
"Orchestra’s New Album Tops Charts","Music"
"New Alloy Strengthens Aircraft Frames","Science"
"Pop-Up Restaurant Features Molecular Gastronomy","Food"
"New Thriller Series Keeps Viewers Guessing","Entertainment"
"City Approves New Dog Park","Local News"
"AI Platform Optimizes Supply Chains","Technology"
"Excavation Uncovers Ancient Jewelry","History"
"Bold Stripes Define Resort Fashion","Fashion"
"Archer Wins National Tournament","Sports"
"Study Links Probiotics to Gut Health","Health"
"Pop Band’s New Video Trends Online","Music"
"Scientists Develop Water Purification System","Science"
"New Bakery Specializes in Sourdough","Food"
"Sci-Fi Film Announces Prequel","Entertainment"
"Neighborhood Hosts Free Concert Series","Local News"
"Tech Startup Creates AR Glasses","Technology"
"Lost Manuscript Found in Archive","History"
"Velvet Dresses Trend in Holiday Fashion","Fashion"
"Sprinter Breaks National Record","Sports"
"New Therapy Supports Mental Wellness","Health"
"Country Artist’s New Single Hits Radio","Music"
"New Chip Enhances Quantum Computing","Science"
"Food Market Showcases Local Honey","Food"
"New Reality Series Tests Cooking Skills","Entertainment"
"City Expands Green Energy Program","Local News"
"Startup Develops Voice-Activated Assistant","Technology"
"Archaeologists Find Ancient Altar","History"
"Chunky Knits Cozy Up Fall Fashion","Fashion"
"Weightlifter Sets New Personal Best","Sports"
"Study Promotes Intermittent Fasting","Health"
"Rock Band’s New Album Drops Early","Music"
"Researchers Create Self-Cleaning Surface","Science"
"New Eatery Offers Plant-Based Menu","Food"
"New Action Series Features Stunt Team","Entertainment"
"Community Builds New Playground","Local News"
"Tech Firm Patents Foldable Display","Technology"
"Excavation Reveals Ancient Murals","History"
"Pastel Colors Soften Spring Fashion","Fashion"
"Badminton Player Wins Regional Title","Sports"
"New App Promotes Healthy Habits","Health"
"Jazz Band’s New Album Honors Classics","Music"
"New Sensor Detects Gas Leaks","Science"
"Pop-Up Market Sells Handmade Pasta","Food"
"New Drama Film Earns Festival Awards","Entertainment"
"City Hosts Annual Art Walk","Local News"
"Startup Creates AI-Powered Tutor","Technology"
"Ancient Tools Found in Cave","History"
"Embroidered Details Elevate Casual Fashion","Fashion"
"Triathlete Wins National Championship","Sports"
"Study Links Vitamin D to Immunity","Health"
"Indie Band’s New Video Goes Viral","Music"
"Scientists Develop Smart Fabric","Science"
"New Diner Serves Retro Milkshakes","Food"
"New Mystery Series Debuts Online","Entertainment"
"Neighborhood Launches Compost Program","Local News"
"Tech Firm Unveils Modular Laptop","Technology"
"Excavation Uncovers Ancient Marketplace","History"
"Fringe Accents Trend in Boho Fashion","Fashion"
"Pole Vaulter Sets New Record","Sports"
"New Therapy Aids Sleep Disorders","Health"
"Pop Star’s New Album Breaks Records","Music"
"New Algorithm Optimizes Traffic Flow","Science"
"Food Truck Festival Showcases Desserts","Food"
"New Comedy Series Features Improv","Entertainment"
"City Approves New Community Center","Local News"
"Startup Invents Smart Lock System","Technology"
"Archaeologists Find Ancient Carvings","History"
"Sheer Fabrics Lighten Summer Fashion","Fashion"
"Handball Team Wins Regional Title","Sports"
"Study Promotes Daily Meditation","Health"
"Rock Band’s New Single Hits Charts","Music"
"Researchers Create Lightweight Concrete","Science"
"New Cafe Offers Gourmet Donuts","Food"
"New Sci-Fi Series Explores AI Ethics","Entertainment"
"Community Hosts Charity Auction","Local News"
"Tech Firm Develops Biometric Scanner","Technology"
"Lost City Found in Jungle","History"
"Animal Prints Roar in Fall Fashion","Fashion"
"Swimmer Breaks National Record","Sports"
"New App Tracks Fitness Progress","Health"
"Orchestra’s New Album Features Guest Artist","Music"
"New Material Enhances Soundproofing","Science"
"Pop-Up Restaurant Serves Exotic Spices","Food"
"New Thriller Film Keeps Audiences Guessing","Entertainment"
"City Expands Bike-Sharing Program","Local News"
"Startup Creates AI-Powered Translator","Technology"
"Excavation Reveals Ancient Statues","History"
"Structured Silhouettes Define Office Fashion","Fashion"
"Tennis Player Wins Major Upset","Sports"
"Study Links Fiber to Digestive Health","Health"
"Indie Artist’s New Album Trends Online","Music"
"Scientists Develop Anti-Fog Coating","Science"
"New Bistro Features Local Wines","Food"
"New Reality Show Tests Teamwork","Entertainment"
"Neighborhood Hosts Farmers’ Market","Local News"
"Tech Firm Patents Wireless Charger","Technology"
"Ancient Scrolls Found in Desert","History"
"Layered Looks Trend in Winter Fashion","Fashion"
"Rowing Team Wins National Title","Sports"
"New Therapy Supports Chronic Fatigue","Health"
"Pop Band’s New Single Goes Platinum","Music"
"New Sensor Monitors Soil Health","Science"
"Food Co-Op Expands Delivery Service","Food"
"New Crime Series Uncovers Conspiracy","Entertainment"
"City Hosts Annual Marathon","Local News"
"Startup Develops Smart Mirror","Technology"
"Excavation Uncovers Ancient Tombs","History"
"Statement Sleeves Elevate Party Fashion","Fashion"
"Climber Sets New Speed Record","Sports"
"Study Promotes Strength Training","Health"
"Rock Band’s New Album Honors Roots","Music"
"Researchers Create Heat-Reflective Paint","Science"
"New Eatery Specializes in Tapas","Food"
"New Adventure Series Features Expeditions","Entertainment"
"Community Restores Historic Bridge","Local News"
"Tech Firm Unveils AI-Powered Camera","Technology"
"Archaeologists Find Ancient Weapons","History"
"Knit Dresses Cozy Up Holiday Fashion","Fashion"
"Skier Wins World Championship","Sports"
"New App Tracks Mental Health","Health"
"Jazz Artist’s New Album Celebrates Improv","Music"
"New Algorithm Enhances Image Recognition","Science"
"Pop-Up Market Sells Artisanal Jams","Food"
"New Comedy Film Packs Theaters","Entertainment"
"City Approves New Public Mural","Local News"
"Startup Invents Smart Doorbell","Technology"
"Excavation Reveals Ancient Pottery","History"
"Metallic Threads Shine in Eveningwear","Fashion"
"Boxer Wins Title in Final Round","Sports"
"Study Links Sleep to Productivity","Health"
"Indie Band’s New Single Hits Radio","Music"
"Scientists Develop Eco-Friendly Insulation","Science"
"New Cafe Serves Gourmet Pastries","Food"
